{
  "project_info": {
    "project_number": "64583096993",
    "firebase_url": "https://flutter-intro-setup.firebaseio.com",
    "project_id": "flutter-intro-setup",
    "storage_bucket": "flutter-intro-setup.appspot.com"
  },
  "client": [
    {
      "client_info": {
        "mobilesdk_app_id": "1:64583096993:android:1465d34c5f7902f2",
        "android_client_info": {
          "package_name": "com.bawp.fb.setup.firebasesetup"
        }
      },
      "oauth_client": [
        {
          "client_id": "64583096993-v0v8j3sikdr6saqfhq52vl07fslcmjpk.apps.googleusercontent.com",
          "client_type": 1,
          "android_info": {
            "package_name": "com.bawp.fb.setup.firebasesetup",
            "certificate_hash": "b32ffed495a7c4b5e4e42298b96ccebc4d33bec0"
          }
        },
        {
          "client_id": "64583096993-h4d54daujk5pc5jov846ihb31mc1l21l.apps.googleusercontent.com",
          "client_type": 3
        }
      ],
      "api_key": [
        {
          "current_key": "AIzaSyB0B7otKLeJiM5RY_3nsXILUcfnYWOBrVA"
        }
      ],
      "services": {
        "analytics_service": {
          "status": 1
        },
        "appinvite_service": {
          "status": 2,
          "other_platform_oauth_client": [
            {
              "client_id": "64583096993-h4d54daujk5pc5jov846ihb31mc1l21l.apps.googleusercontent.com",
              "client_type": 3
            }
          ]
        },
        "ads_service": {
          "status": 2
        }
      }
    }
  ],
  "configuration_version": "1"
}